numOfRows;numOfFrauds;quants1;quants2
143;43;-2.91990167386836;-0.977624011236058
143;43;-0.977624011236058;-0.660965192383761
143;34;-0.660965192383761;-0.254420539474383
142;36;-0.254420539474383;0.138226954880678
143;31;0.138226954880678;0.53311200775085
143;46;0.53311200775085;1.21326397869845
142;66;1.21326397869845;2.61788348727174
